match,seat,deals_a,final_a,place_a,win_a,deals_b,final_b,place_b,win_b
0,0,10,42,1,1,10,89,3,0
1,1,13,85,2,0,13,84,1,1
2,2,13,75,2,0,12,26,1,1
3,3,15,92,1.5,0,14,62,1,1
4,0,9,116,4,0,9,100,4,0
5,1,7,102,4,0,12,68,2,0
6,2,10,108,4,0,9,105,4,0
7,3,12,87,2,0,15,96,2,0
8,0,14,88,2,0,14,88,3,0
9,1,11,62,1,1,14,112,4,0
10,2,9,106,4,0,8,115,4,0
11,3,11,26,1,1,10,53,2,0
12,0,9,91,2,0,11,116,4,0
13,1,13,51,1,1,9,23,1,1
14,2,13,89,3,0,10,66,2,0
15,3,11,43,1,1,12,80,3,0
16,0,10,89,3,0,9,39,2,0
17,1,9,46,1,1,10,53,2,0
18,2,13,92,3,0,12,75,2,0
19,3,10,40,1,1,9,101,4,0
20,0,7,6,1,1,10,33,1,1
21,1,13,45,1,1,10,57,3,0
22,2,12,86,3,0,13,89,1.5,0
23,3,9,51,3,0,9,42,2,0
24,0,12,93,3,0,12,46,1,1
25,1,13,90,3,0,10,28,1,1
26,2,11,52,1,1,11,43,1,1
27,3,9,111,4,0,11,57,2,0
28,0,10,47,1,1,12,82,3,0
29,1,9,114,4,0,13,77,1.5,0
30,2,9,36,1,1,13,77,2,0
31,3,9,36,2,0,9,27,1,1
32,0,11,70,3,0,14,62,1,1
33,1,6,54,2,0,6,12,1,1
34,2,15,101,2.5,0,13,61,1,1
35,3,9,115,4,0,11,57,2,0
36,0,12,79,3,0,13,66,2,0
37,1,11,54,1,1,10,90,3,0
38,2,15,87,1,1,13,120,4,0
39,3,11,65,2,0,10,56,1,1
40,0,12,63,2,0,12,66,2,0
41,1,12,100,4,0,13,70,1,1
42,2,13,85,1,1,10,32,1,1
43,3,10,24,1,1,10,34,1,1
44,0,12,26,1,1,10,21,1,1
45,1,12,39,1,1,8,108,4,0
46,2,14,97,3,0,12,62,2,0
47,3,10,60,3,0,11,54,2,0
48,0,11,53,1,1,10,26,1,1
49,1,9,35,1,1,12,83,3,0
50,2,13,64,1,1,10,104,4,0
51,3,13,102,4,0,13,100,4,0
52,0,10,100,4,0,11,91,3,0
53,1,8,41,1,1,9,67,3,0
54,2,10,91,3,0,8,100,4,0
55,3,11,55,2,0,11,83,2,0
56,0,9,100,4,0,10,92,3,0
57,1,9,26,1,1,10,40,2,0
58,2,7,11,1,1,7,7,1,1
59,3,14,111,4,0,13,72,1,1
60,0,14,82,1,1,11,36,1,1
61,1,10,66,3,0,13,56,1,1
62,2,7,11,1,1,9,45,1,1
63,3,11,69,2,0,10,55,2,0
64,0,11,62,1,1,12,86,3,0
65,1,12,75,1,1,11,100,4,0
66,2,9,26,1,1,15,90,2,0
67,3,12,81,3,0,10,55,2,0
68,0,8,24,1,1,8,11,1,1
69,1,10,35,1,1,10,36,1,1
70,2,11,18,1,1,9,16,1,1
71,3,11,114,4,0,11,88,2,0
72,0,13,82,3,0,12,90,3,0
73,1,11,59,1,1,12,59,1,1
74,2,13,76,2,0,13,110,4,0
75,3,13,73,2,0,11,63,3,0
76,0,9,47,1,1,11,103,4,0
77,1,12,71,3,0,13,88,3,0
78,2,12,114,4,0,13,74,2,0
79,3,10,33,2,0,10,51,2,0
80,0,9,14,1,1,9,33,1,1
81,1,14,82,1,1,15,99,3,0
82,2,14,101,3,0,13,100,4,0
83,3,8,34,1,1,10,71,2,0
84,0,9,41,2,0,9,30,1,1
85,1,11,51,1,1,15,93,1,1
86,2,11,69,2,0,13,92,3,0
87,3,8,9,1,1,14,88,2,0
88,0,8,36,1,1,8,48,2,0
89,1,11,63,1,1,13,39,1,1
90,2,13,63,1,1,13,90,3,0
91,3,10,41,1,1,11,74,2,0
92,0,8,63,2,0,12,101,3,0
93,1,7,108,4,0,8,100,4,0
94,2,10,118,4,0,8,116,4,0
95,3,11,116,3.5,0,13,100,4,0
96,0,6,24,1,1,12,96,3,0
97,1,8,19,1,1,8,36,1,1
98,2,11,71,2,0,12,93,3,0
99,3,9,25,1,1,14,104,4,0
100,0,7,73,3,0,6,43,2,0
101,1,12,54,1,1,12,36,1,1
102,2,13,54,1,1,9,35,1,1
103,3,7,11,1,1,11,92,3,0
104,0,12,39,1,1,12,45,1,1
105,1,13,57,1,1,12,73,2,0
106,2,12,62,1,1,12,36,1,1
107,3,13,112,4,0,13,85,3,0
108,0,11,70,2,0,12,69,2,0
109,1,8,46,1,1,14,73,1,1
110,2,9,24,1,1,14,94,3,0
111,3,10,107,4,0,10,108,4,0
112,0,8,5,1,1,8,21,1,1
113,1,9,31,1,1,10,26,1,1
114,2,14,67,1,1,12,78,3,0
115,3,10,67,1,1,14,58,1,1
116,0,8,26,1,1,12,47,1,1
117,1,12,88,3,0,12,78,2.5,0
118,2,13,114,4,0,11,47,2,0
119,3,7,23,1,1,10,102,4,0
120,0,8,49,1,1,8,110,4,0
121,1,10,37,1,1,11,37,1,1
122,2,11,44,1,1,10,64,3,0
123,3,9,63,3,0,8,43,1,1
124,0,13,106,4,0,11,102,4,0
125,1,12,82,3,0,10,60,1,1
126,2,10,49,2,0,13,72,2,0
127,3,13,83,1,1,10,43,1,1
128,0,10,65,2,0,13,83,2,0
129,1,14,85,2.5,0,12,62,2,0
130,2,12,64,1,1,11,61,2,0
131,3,11,106,4,0,9,34,2,0
132,0,14,105,4,0,11,64,3,0
133,1,8,30,1,1,9,72,3,0
134,2,9,58,2,0,13,90,1,1
135,3,8,19,1,1,9,79,2,0
136,0,9,68,1,1,12,62,2,0
137,1,10,51,1,1,13,55,1,1
138,2,10,63,2,0,13,78,2,0
139,3,13,75,2,0,11,44,1,1
140,0,9,72,3,0,8,44,3,0
141,1,12,37,1,1,14,55,1,1
142,2,9,55,1,1,7,30,3,0
143,3,6,26,1,1,12,49,1,1
144,0,7,31,1,1,12,53,1,1
145,1,12,103,3.5,0,11,104,4,0
146,2,11,53,1,1,15,94,3,0
147,3,10,55,2,0,8,35,2,0
148,0,10,34,1,1,12,103,4,0
149,1,14,97,3,0,14,77,1,1
150,2,9,46,1,1,11,53,1,1
151,3,8,13,1,1,6,7,1,1
152,0,10,39,1,1,11,48,1,1
153,1,10,34,1,1,14,70,1,1
154,2,9,21,1,1,9,42,2,0
155,3,7,51,1,1,11,36,1,1
156,0,6,42,1,1,9,19,1,1
157,1,11,73,3,0,12,77,2,0
158,2,10,25,1,1,12,35,1,1
159,3,13,83,3,0,12,61,1,1
160,0,12,82,3,0,14,119,4,0
161,1,15,116,4,0,13,111,4,0
162,2,12,87,2,0,11,67,2,0
163,3,13,81,2,0,9,66,3,0
164,0,13,85,2,0,11,48,1,1
165,1,11,105,4,0,11,96,3,0
166,2,11,72,3,0,10,29,1,1
167,3,13,48,1,1,8,6,1,1
168,0,12,36,1,1,9,21,1,1
169,1,13,63,1,1,10,51,1,1
170,2,12,44,1,1,13,77,2,0
171,3,10,34,1,1,9,32,1,1
172,0,10,71,1,1,11,84,3,0
173,1,11,62,2,0,12,81,1,1
174,2,9,51,3,0,9,30,1,1
175,3,7,26,1,1,13,116,3,0
176,0,10,54,2.5,0,11,75,3,0
177,1,11,74,3,0,11,29,1,1
178,2,10,59,2,0,9,15,1,1
179,3,11,98,3,0,12,71,2.5,0
180,0,12,53,1,1,13,47,1,1
181,1,13,91,3,0,14,89,3,0
182,2,13,66,1,1,7,36,2,0
183,3,10,118,4,0,10,93,3,0
184,0,13,90,3,0,10,68,3,0
185,1,8,15,1,1,13,67,1,1
186,2,12,54,1,1,12,50,1,1
187,3,11,30,1,1,11,88,3,0
188,0,8,17,1,1,10,62,1,1
189,1,13,52,1,1,12,62,2,0
190,2,10,55,1,1,11,89,3,0
191,3,10,93,3,0,9,69,2,0
192,0,11,61,2,0,8,61,3,0
193,1,11,67,1,1,15,103,4,0
194,2,11,106,4,0,9,73,3,0
195,3,10,77,3,0,10,76,2,0
196,0,11,23,1,1,7,9,1,1
197,1,10,54,2,0,15,112,4,0
198,2,5,52,1,1,11,65,1,1
199,3,11,83,3,0,8,86,3,0
