2026/07/17 19:10:55.958, 51 %, 5 %, 1181 MiB, 316.91 W, 1980 MHz
2026/07/17 19:11:00.962, 67 %, 14 %, 1181 MiB, 319.88 W, 1980 MHz
2026/07/17 19:11:05.962, 42 %, 6 %, 1181 MiB, 311.09 W, 1980 MHz
2026/07/17 19:11:10.963, 82 %, 37 %, 1181 MiB, 364.73 W, 1980 MHz
2026/07/17 19:11:15.963, 79 %, 30 %, 1181 MiB, 341.13 W, 1980 MHz
2026/07/17 19:11:20.964, 79 %, 27 %, 1181 MiB, 342.96 W, 1980 MHz
2026/07/17 19:11:25.964, 79 %, 29 %, 1181 MiB, 298.73 W, 1980 MHz
2026/07/17 19:11:30.965, 62 %, 12 %, 1181 MiB, 312.86 W, 1980 MHz
2026/07/17 19:11:35.966, 78 %, 25 %, 1181 MiB, 371.20 W, 1980 MHz
2026/07/17 19:11:40.966, 66 %, 15 %, 1181 MiB, 340.46 W, 1980 MHz
2026/07/17 19:11:45.967, 79 %, 35 %, 1181 MiB, 346.75 W, 1980 MHz
2026/07/17 19:11:50.967, 77 %, 25 %, 1181 MiB, 322.12 W, 1980 MHz
2026/07/17 19:11:55.968, 64 %, 16 %, 1181 MiB, 305.16 W, 1980 MHz
2026/07/17 19:12:00.968, 53 %, 5 %, 1181 MiB, 305.20 W, 1980 MHz
2026/07/17 19:12:05.969, 60 %, 9 %, 1181 MiB, 311.27 W, 1980 MHz
2026/07/17 19:12:10.969, 41 %, 5 %, 1181 MiB, 318.05 W, 1980 MHz
2026/07/17 19:12:15.970, 50 %, 10 %, 1181 MiB, 305.60 W, 1980 MHz
2026/07/17 19:12:20.971, 49 %, 3 %, 1181 MiB, 323.35 W, 1980 MHz
2026/07/17 19:12:25.971, 66 %, 15 %, 1181 MiB, 302.97 W, 1980 MHz
2026/07/17 19:12:30.972, 55 %, 6 %, 1181 MiB, 315.36 W, 1980 MHz
2026/07/17 19:12:35.972, 66 %, 14 %, 1181 MiB, 301.82 W, 1980 MHz
2026/07/17 19:12:40.973, 63 %, 12 %, 1181 MiB, 331.28 W, 1980 MHz
2026/07/17 19:12:45.973, 64 %, 15 %, 1181 MiB, 323.70 W, 1980 MHz
2026/07/17 19:12:50.974, 79 %, 25 %, 1181 MiB, 322.93 W, 1980 MHz
2026/07/17 19:12:55.975, 79 %, 25 %, 1181 MiB, 354.34 W, 1980 MHz
2026/07/17 19:13:00.976, 74 %, 18 %, 1181 MiB, 339.73 W, 1980 MHz
2026/07/17 19:13:05.976, 67 %, 14 %, 1181 MiB, 291.00 W, 1980 MHz
2026/07/17 19:13:10.977, 68 %, 14 %, 1181 MiB, 300.15 W, 1980 MHz
2026/07/17 19:13:15.978, 80 %, 33 %, 1181 MiB, 319.86 W, 1980 MHz
2026/07/17 19:13:20.978, 61 %, 12 %, 1181 MiB, 317.17 W, 1980 MHz
2026/07/17 19:13:25.979, 79 %, 30 %, 1181 MiB, 309.81 W, 1980 MHz
2026/07/17 19:13:30.979, 70 %, 15 %, 1181 MiB, 281.65 W, 1980 MHz
2026/07/17 19:13:35.980, 77 %, 23 %, 1181 MiB, 345.07 W, 1980 MHz
2026/07/17 19:13:40.980, 80 %, 28 %, 1181 MiB, 334.21 W, 1980 MHz
2026/07/17 19:13:45.981, 77 %, 25 %, 1181 MiB, 328.99 W, 1980 MHz
2026/07/17 19:13:50.981, 60 %, 10 %, 1181 MiB, 336.78 W, 1980 MHz
2026/07/17 19:13:55.982, 77 %, 21 %, 1181 MiB, 294.11 W, 1980 MHz
2026/07/17 19:14:00.983, 77 %, 23 %, 1181 MiB, 329.94 W, 1980 MHz
2026/07/17 19:14:05.983, 53 %, 5 %, 1181 MiB, 251.37 W, 1980 MHz
2026/07/17 19:14:10.984, 47 %, 3 %, 1181 MiB, 316.23 W, 1980 MHz
2026/07/17 19:14:15.984, 37 %, 1 %, 1181 MiB, 297.04 W, 1980 MHz
2026/07/17 19:14:20.985, 38 %, 5 %, 1181 MiB, 324.74 W, 1980 MHz
2026/07/17 19:14:25.986, 74 %, 17 %, 1181 MiB, 335.08 W, 1980 MHz
2026/07/17 19:14:30.986, 79 %, 32 %, 1181 MiB, 356.68 W, 1980 MHz
2026/07/17 19:14:35.987, 39 %, 1 %, 1181 MiB, 304.86 W, 1980 MHz
2026/07/17 19:14:40.987, 80 %, 28 %, 1181 MiB, 322.32 W, 1980 MHz
2026/07/17 19:14:45.988, 78 %, 25 %, 1181 MiB, 303.05 W, 1980 MHz
2026/07/17 19:14:50.988, 80 %, 31 %, 1181 MiB, 301.16 W, 1980 MHz
2026/07/17 19:14:55.989, 73 %, 19 %, 1181 MiB, 320.51 W, 1980 MHz
2026/07/17 19:15:00.990, 67 %, 14 %, 1181 MiB, 341.00 W, 1980 MHz
2026/07/17 19:15:05.990, 69 %, 16 %, 1181 MiB, 305.13 W, 1980 MHz
2026/07/17 19:15:11.034, 79 %, 28 %, 1181 MiB, 329.67 W, 1980 MHz
2026/07/17 19:15:16.034, 74 %, 23 %, 1181 MiB, 319.12 W, 1980 MHz
2026/07/17 19:15:21.035, 81 %, 34 %, 1181 MiB, 325.38 W, 1980 MHz
2026/07/17 19:15:26.035, 79 %, 32 %, 1181 MiB, 307.68 W, 1980 MHz
2026/07/17 19:15:31.036, 42 %, 6 %, 1181 MiB, 325.68 W, 1980 MHz
2026/07/17 19:15:36.037, 54 %, 5 %, 1181 MiB, 324.78 W, 1980 MHz
2026/07/17 19:15:41.037, 65 %, 13 %, 1181 MiB, 305.87 W, 1980 MHz
2026/07/17 19:15:46.038, 77 %, 23 %, 1181 MiB, 322.54 W, 1980 MHz
2026/07/17 19:15:51.038, 70 %, 21 %, 1181 MiB, 320.86 W, 1980 MHz
2026/07/17 19:15:56.039, 75 %, 21 %, 1181 MiB, 305.20 W, 1980 MHz
2026/07/17 19:16:01.039, 36 %, 4 %, 1181 MiB, 299.73 W, 1980 MHz
2026/07/17 19:16:06.040, 64 %, 13 %, 1181 MiB, 324.65 W, 1980 MHz
2026/07/17 19:16:11.040, 52 %, 5 %, 1181 MiB, 279.39 W, 1980 MHz
2026/07/17 19:16:16.041, 43 %, 8 %, 1181 MiB, 302.17 W, 1980 MHz
2026/07/17 19:16:21.042, 55 %, 7 %, 1181 MiB, 317.39 W, 1980 MHz
2026/07/17 19:16:26.042, 56 %, 7 %, 1181 MiB, 316.02 W, 1980 MHz
2026/07/17 19:16:31.043, 64 %, 16 %, 1181 MiB, 316.19 W, 1980 MHz
2026/07/17 19:16:36.043, 69 %, 15 %, 1181 MiB, 353.95 W, 1980 MHz
2026/07/17 19:16:41.044, 77 %, 23 %, 1181 MiB, 313.36 W, 1980 MHz
2026/07/17 19:16:46.044, 65 %, 13 %, 1181 MiB, 330.67 W, 1980 MHz
2026/07/17 19:16:51.045, 75 %, 21 %, 1289 MiB, 361.82 W, 1980 MHz
2026/07/17 19:16:56.045, 81 %, 33 %, 1289 MiB, 359.09 W, 1980 MHz
2026/07/17 19:17:01.046, 70 %, 15 %, 1289 MiB, 320.80 W, 1980 MHz
2026/07/17 19:17:06.047, 64 %, 14 %, 1289 MiB, 311.66 W, 1980 MHz
2026/07/17 19:17:11.047, 65 %, 15 %, 1289 MiB, 325.47 W, 1980 MHz
2026/07/17 19:17:16.048, 76 %, 23 %, 1289 MiB, 329.67 W, 1980 MHz
2026/07/17 19:17:21.048, 79 %, 26 %, 1289 MiB, 323.69 W, 1980 MHz
2026/07/17 19:17:26.049, 72 %, 20 %, 1289 MiB, 301.31 W, 1980 MHz
2026/07/17 19:17:31.049, 48 %, 10 %, 1289 MiB, 345.27 W, 1980 MHz
2026/07/17 19:17:36.050, 81 %, 36 %, 1289 MiB, 328.07 W, 1980 MHz
2026/07/17 19:17:41.051, 69 %, 17 %, 1289 MiB, 341.17 W, 1980 MHz
2026/07/17 19:17:46.051, 68 %, 18 %, 1289 MiB, 288.68 W, 1980 MHz
2026/07/17 19:17:51.052, 45 %, 9 %, 1289 MiB, 316.83 W, 1980 MHz
2026/07/17 19:17:56.052, 68 %, 30 %, 1289 MiB, 321.36 W, 1980 MHz
2026/07/17 19:18:01.053, 60 %, 10 %, 1289 MiB, 293.67 W, 1980 MHz
2026/07/17 19:18:06.053, 66 %, 15 %, 1289 MiB, 300.90 W, 1980 MHz
2026/07/17 19:18:11.054, 55 %, 6 %, 1289 MiB, 319.72 W, 1980 MHz
2026/07/17 19:18:16.055, 69 %, 22 %, 1289 MiB, 320.45 W, 1980 MHz
2026/07/17 19:18:21.055, 76 %, 22 %, 1289 MiB, 323.64 W, 1980 MHz
2026/07/17 19:18:26.056, 39 %, 1 %, 1289 MiB, 291.51 W, 1980 MHz
2026/07/17 19:18:31.056, 61 %, 10 %, 1289 MiB, 335.78 W, 1980 MHz
2026/07/17 19:18:36.057, 45 %, 9 %, 1289 MiB, 326.18 W, 1980 MHz
2026/07/17 19:18:41.057, 80 %, 30 %, 1289 MiB, 301.14 W, 1980 MHz
2026/07/17 19:18:46.058, 64 %, 13 %, 1289 MiB, 284.21 W, 1980 MHz
2026/07/17 19:18:51.058, 29 %, 2 %, 1289 MiB, 299.67 W, 1980 MHz
2026/07/17 19:18:56.059, 79 %, 29 %, 1289 MiB, 303.60 W, 1980 MHz
2026/07/17 19:19:01.060, 78 %, 24 %, 1289 MiB, 318.90 W, 1980 MHz
2026/07/17 19:19:06.060, 75 %, 23 %, 1289 MiB, 332.83 W, 1980 MHz
2026/07/17 19:19:11.061, 61 %, 12 %, 1289 MiB, 343.49 W, 1980 MHz
2026/07/17 19:19:16.061, 80 %, 27 %, 1289 MiB, 304.01 W, 1980 MHz
2026/07/17 19:19:21.062, 56 %, 7 %, 1289 MiB, 305.66 W, 1980 MHz
2026/07/17 19:19:26.063, 68 %, 17 %, 1289 MiB, 332.30 W, 1980 MHz
2026/07/17 19:19:31.063, 69 %, 17 %, 1289 MiB, 305.82 W, 1980 MHz
2026/07/17 19:19:36.064, 46 %, 8 %, 1289 MiB, 326.23 W, 1980 MHz
2026/07/17 19:19:41.064, 80 %, 28 %, 1289 MiB, 331.85 W, 1980 MHz
2026/07/17 19:19:46.065, 62 %, 11 %, 1289 MiB, 326.02 W, 1980 MHz
2026/07/17 19:19:51.065, 65 %, 13 %, 1289 MiB, 276.90 W, 1980 MHz
2026/07/17 19:19:56.066, 66 %, 14 %, 1289 MiB, 311.07 W, 1980 MHz
2026/07/17 19:20:01.067, 68 %, 16 %, 1289 MiB, 280.49 W, 1980 MHz
2026/07/17 19:20:06.067, 44 %, 8 %, 1289 MiB, 302.45 W, 1980 MHz
2026/07/17 19:20:11.068, 78 %, 30 %, 1289 MiB, 335.25 W, 1980 MHz
2026/07/17 19:20:16.068, 69 %, 17 %, 1289 MiB, 315.21 W, 1980 MHz
2026/07/17 19:20:21.069, 45 %, 8 %, 1289 MiB, 308.59 W, 1980 MHz
2026/07/17 19:20:26.070, 77 %, 24 %, 1289 MiB, 317.89 W, 1980 MHz
2026/07/17 19:20:31.070, 81 %, 27 %, 1289 MiB, 320.04 W, 1980 MHz
2026/07/17 19:20:36.071, 79 %, 31 %, 1289 MiB, 338.34 W, 1980 MHz
2026/07/17 19:20:41.071, 43 %, 7 %, 1289 MiB, 327.09 W, 1980 MHz
2026/07/17 19:20:46.072, 80 %, 32 %, 1289 MiB, 338.00 W, 1980 MHz
2026/07/17 19:20:51.072, 50 %, 11 %, 1289 MiB, 315.65 W, 1980 MHz
2026/07/17 19:20:56.073, 67 %, 15 %, 1289 MiB, 298.81 W, 1980 MHz
2026/07/17 19:21:01.074, 38 %, 2 %, 1289 MiB, 278.34 W, 1980 MHz
2026/07/17 19:21:06.074, 68 %, 14 %, 1289 MiB, 304.55 W, 1980 MHz
2026/07/17 19:21:11.075, 76 %, 25 %, 1289 MiB, 331.54 W, 1980 MHz
2026/07/17 19:21:16.076, 63 %, 13 %, 1289 MiB, 285.31 W, 1980 MHz
2026/07/17 19:21:21.076, 77 %, 24 %, 1289 MiB, 333.67 W, 1980 MHz
2026/07/17 19:21:26.077, 60 %, 11 %, 1289 MiB, 315.29 W, 1980 MHz
2026/07/17 19:21:31.077, 54 %, 5 %, 1289 MiB, 310.69 W, 1980 MHz
2026/07/17 19:21:36.078, 69 %, 19 %, 1289 MiB, 309.25 W, 1980 MHz
2026/07/17 19:21:41.079, 49 %, 3 %, 1289 MiB, 257.71 W, 1980 MHz
2026/07/17 19:21:46.079, 79 %, 28 %, 1289 MiB, 326.56 W, 1980 MHz
2026/07/17 19:21:51.080, 82 %, 31 %, 1289 MiB, 331.93 W, 1980 MHz
2026/07/17 19:21:56.080, 75 %, 25 %, 1289 MiB, 292.96 W, 1980 MHz
2026/07/17 19:22:01.081, 57 %, 7 %, 1289 MiB, 277.90 W, 1980 MHz
2026/07/17 19:22:06.081, 65 %, 17 %, 1289 MiB, 332.62 W, 1980 MHz
2026/07/17 19:22:11.082, 75 %, 21 %, 1289 MiB, 307.72 W, 1980 MHz
2026/07/17 19:22:16.083, 35 %, 1 %, 1289 MiB, 300.06 W, 1980 MHz
2026/07/17 19:22:21.083, 65 %, 16 %, 1289 MiB, 317.98 W, 1980 MHz
2026/07/17 19:22:26.084, 71 %, 24 %, 1289 MiB, 327.02 W, 1980 MHz
2026/07/17 19:22:31.084, 79 %, 24 %, 1289 MiB, 329.32 W, 1980 MHz
2026/07/17 19:22:36.085, 65 %, 14 %, 1289 MiB, 297.66 W, 1980 MHz
2026/07/17 19:22:41.085, 82 %, 37 %, 1289 MiB, 337.83 W, 1980 MHz
2026/07/17 19:22:46.086, 63 %, 13 %, 1289 MiB, 284.22 W, 1980 MHz
2026/07/17 19:22:51.087, 81 %, 31 %, 1289 MiB, 328.69 W, 1980 MHz
2026/07/17 19:22:56.087, 34 %, 1 %, 1289 MiB, 328.20 W, 1980 MHz
2026/07/17 19:23:01.088, 71 %, 16 %, 1289 MiB, 311.23 W, 1980 MHz
2026/07/17 19:23:06.088, 48 %, 10 %, 1289 MiB, 290.32 W, 1980 MHz
2026/07/17 19:23:11.089, 78 %, 20 %, 1289 MiB, 300.56 W, 1980 MHz
2026/07/17 19:23:16.090, 52 %, 9 %, 1289 MiB, 276.04 W, 1980 MHz
2026/07/17 19:23:21.091, 77 %, 22 %, 1289 MiB, 313.17 W, 1980 MHz
2026/07/17 19:23:26.091, 71 %, 17 %, 1289 MiB, 320.98 W, 1980 MHz
2026/07/17 19:23:31.092, 82 %, 33 %, 1289 MiB, 311.73 W, 1980 MHz
2026/07/17 19:23:36.092, 65 %, 12 %, 1289 MiB, 331.89 W, 1980 MHz
2026/07/17 19:23:41.093, 73 %, 20 %, 1289 MiB, 341.58 W, 1980 MHz
2026/07/17 19:23:46.093, 73 %, 20 %, 1289 MiB, 359.32 W, 1980 MHz
2026/07/17 19:23:51.094, 70 %, 20 %, 1289 MiB, 332.99 W, 1980 MHz
2026/07/17 19:23:56.094, 81 %, 31 %, 1289 MiB, 311.09 W, 1980 MHz
2026/07/17 19:24:01.095, 54 %, 6 %, 1289 MiB, 300.43 W, 1980 MHz
2026/07/17 19:24:06.095, 53 %, 6 %, 1289 MiB, 279.24 W, 1980 MHz
2026/07/17 19:24:11.096, 80 %, 30 %, 1289 MiB, 315.96 W, 1980 MHz
2026/07/17 19:24:16.097, 36 %, 1 %, 1289 MiB, 327.24 W, 1980 MHz
2026/07/17 19:24:21.097, 75 %, 23 %, 1289 MiB, 332.90 W, 1980 MHz
2026/07/17 19:24:26.098, 57 %, 7 %, 1289 MiB, 293.04 W, 1980 MHz
2026/07/17 19:24:31.100, 76 %, 25 %, 1289 MiB, 319.07 W, 1980 MHz
2026/07/17 19:24:36.101, 75 %, 20 %, 1289 MiB, 332.54 W, 1980 MHz
2026/07/17 19:24:41.101, 68 %, 16 %, 1289 MiB, 308.75 W, 1980 MHz
2026/07/17 19:24:46.102, 76 %, 19 %, 1289 MiB, 329.61 W, 1980 MHz
2026/07/17 19:24:51.103, 73 %, 24 %, 1289 MiB, 325.66 W, 1980 MHz
2026/07/17 19:24:56.103, 52 %, 10 %, 1289 MiB, 332.77 W, 1980 MHz
2026/07/17 19:25:01.104, 76 %, 27 %, 1289 MiB, 317.58 W, 1980 MHz
2026/07/17 19:25:06.104, 64 %, 12 %, 1289 MiB, 305.04 W, 1980 MHz
2026/07/17 19:25:11.105, 75 %, 18 %, 1289 MiB, 336.37 W, 1980 MHz
2026/07/17 19:25:16.105, 52 %, 5 %, 1289 MiB, 308.80 W, 1980 MHz
2026/07/17 19:25:21.106, 69 %, 15 %, 1289 MiB, 288.17 W, 1980 MHz
2026/07/17 19:25:26.107, 62 %, 13 %, 1289 MiB, 313.03 W, 1980 MHz
2026/07/17 19:25:31.107, 41 %, 4 %, 1289 MiB, 299.24 W, 1980 MHz
2026/07/17 19:25:36.108, 64 %, 13 %, 1289 MiB, 301.42 W, 1980 MHz
2026/07/17 19:25:41.108, 57 %, 7 %, 1289 MiB, 337.73 W, 1980 MHz
2026/07/17 19:25:46.109, 73 %, 20 %, 1289 MiB, 293.23 W, 1980 MHz
2026/07/17 19:25:51.110, 39 %, 4 %, 1289 MiB, 301.64 W, 1980 MHz
2026/07/17 19:25:56.110, 62 %, 12 %, 1289 MiB, 304.21 W, 1980 MHz
2026/07/17 19:26:01.111, 71 %, 17 %, 1289 MiB, 279.67 W, 1980 MHz
2026/07/17 19:26:06.111, 57 %, 11 %, 1289 MiB, 298.65 W, 1980 MHz
2026/07/17 19:26:11.112, 62 %, 10 %, 1289 MiB, 320.52 W, 1980 MHz
2026/07/17 19:26:16.112, 77 %, 24 %, 1289 MiB, 362.51 W, 1980 MHz
2026/07/17 19:26:21.113, 73 %, 21 %, 1289 MiB, 286.55 W, 1980 MHz
2026/07/17 19:26:26.114, 54 %, 6 %, 1289 MiB, 313.46 W, 1980 MHz
2026/07/17 19:26:31.114, 40 %, 4 %, 1289 MiB, 282.51 W, 1980 MHz
2026/07/17 19:26:36.115, 59 %, 9 %, 1289 MiB, 271.89 W, 1980 MHz
2026/07/17 19:26:41.116, 80 %, 28 %, 1289 MiB, 334.39 W, 1980 MHz
2026/07/17 19:26:46.116, 47 %, 9 %, 1289 MiB, 334.55 W, 1980 MHz
2026/07/17 19:26:51.117, 69 %, 19 %, 1289 MiB, 319.67 W, 1980 MHz
2026/07/17 19:26:56.117, 61 %, 12 %, 1289 MiB, 308.97 W, 1980 MHz
2026/07/17 19:27:01.118, 63 %, 11 %, 1289 MiB, 311.86 W, 1980 MHz
2026/07/17 19:27:06.119, 59 %, 12 %, 1289 MiB, 309.74 W, 1980 MHz
2026/07/17 19:27:11.119, 81 %, 27 %, 1289 MiB, 334.36 W, 1980 MHz
2026/07/17 19:27:16.120, 49 %, 10 %, 1289 MiB, 292.22 W, 1980 MHz
2026/07/17 19:27:21.120, 60 %, 11 %, 1289 MiB, 317.82 W, 1980 MHz
2026/07/17 19:27:26.121, 82 %, 33 %, 1289 MiB, 326.58 W, 1980 MHz
2026/07/17 19:27:31.121, 74 %, 22 %, 1289 MiB, 348.84 W, 1980 MHz
2026/07/17 19:27:36.122, 56 %, 7 %, 1289 MiB, 289.71 W, 1980 MHz
2026/07/17 19:27:41.122, 41 %, 1 %, 1289 MiB, 292.89 W, 1980 MHz
2026/07/17 19:27:46.123, 64 %, 13 %, 1289 MiB, 362.27 W, 1980 MHz
2026/07/17 19:27:51.124, 80 %, 32 %, 1289 MiB, 303.59 W, 1980 MHz
2026/07/17 19:27:56.124, 44 %, 8 %, 1289 MiB, 281.18 W, 1980 MHz
2026/07/17 19:28:01.125, 78 %, 24 %, 1289 MiB, 302.43 W, 1980 MHz
2026/07/17 19:28:06.125, 81 %, 33 %, 1289 MiB, 356.84 W, 1980 MHz
2026/07/17 19:28:11.126, 35 %, 2 %, 1289 MiB, 289.92 W, 1980 MHz
2026/07/17 19:28:16.126, 56 %, 7 %, 1289 MiB, 283.27 W, 1980 MHz
2026/07/17 19:28:21.127, 74 %, 17 %, 1289 MiB, 323.27 W, 1980 MHz
2026/07/17 19:28:26.127, 72 %, 20 %, 1289 MiB, 310.82 W, 1980 MHz
2026/07/17 19:28:31.128, 81 %, 33 %, 1289 MiB, 293.04 W, 1980 MHz
2026/07/17 19:28:36.128, 78 %, 28 %, 1289 MiB, 313.69 W, 1980 MHz
2026/07/17 19:28:41.129, 77 %, 22 %, 1289 MiB, 322.77 W, 1980 MHz
2026/07/17 19:28:46.129, 75 %, 20 %, 1289 MiB, 340.91 W, 1980 MHz
2026/07/17 19:28:51.130, 57 %, 10 %, 1289 MiB, 331.84 W, 1980 MHz
2026/07/17 19:28:56.130, 67 %, 13 %, 1289 MiB, 298.05 W, 1980 MHz
2026/07/17 19:29:01.131, 66 %, 13 %, 1289 MiB, 328.14 W, 1980 MHz
2026/07/17 19:29:06.131, 78 %, 35 %, 1289 MiB, 344.12 W, 1980 MHz
2026/07/17 19:29:11.132, 42 %, 7 %, 1289 MiB, 293.30 W, 1980 MHz
2026/07/17 19:29:16.133, 69 %, 15 %, 1289 MiB, 305.10 W, 1980 MHz
2026/07/17 19:29:21.133, 47 %, 9 %, 1289 MiB, 281.97 W, 1980 MHz
2026/07/17 19:29:26.134, 80 %, 29 %, 1289 MiB, 339.89 W, 1980 MHz
2026/07/17 19:29:31.134, 80 %, 32 %, 1289 MiB, 352.29 W, 1980 MHz
2026/07/17 19:29:36.135, 68 %, 15 %, 1289 MiB, 298.79 W, 1980 MHz
2026/07/17 19:29:41.136, 79 %, 23 %, 1289 MiB, 304.22 W, 1980 MHz
2026/07/17 19:29:46.136, 67 %, 15 %, 1289 MiB, 295.13 W, 1980 MHz
2026/07/17 19:29:51.137, 44 %, 7 %, 1289 MiB, 286.36 W, 1980 MHz
2026/07/17 19:29:56.137, 54 %, 6 %, 1289 MiB, 272.01 W, 1980 MHz
2026/07/17 19:30:01.138, 73 %, 17 %, 1289 MiB, 322.89 W, 1980 MHz
2026/07/17 19:30:06.139, 79 %, 28 %, 1289 MiB, 307.09 W, 1980 MHz
2026/07/17 19:30:11.139, 80 %, 23 %, 1289 MiB, 318.27 W, 1980 MHz
2026/07/17 19:30:16.140, 69 %, 17 %, 1289 MiB, 331.79 W, 1980 MHz
2026/07/17 19:30:21.141, 57 %, 8 %, 1289 MiB, 319.08 W, 1980 MHz
2026/07/17 19:30:26.141, 61 %, 12 %, 1289 MiB, 342.79 W, 1980 MHz
2026/07/17 19:30:31.142, 65 %, 13 %, 1289 MiB, 316.66 W, 1980 MHz
2026/07/17 19:30:36.142, 73 %, 20 %, 1289 MiB, 320.47 W, 1980 MHz
2026/07/17 19:30:41.143, 81 %, 36 %, 1289 MiB, 353.14 W, 1980 MHz
2026/07/17 19:30:46.143, 81 %, 31 %, 1289 MiB, 302.98 W, 1980 MHz
2026/07/17 19:30:51.144, 53 %, 11 %, 1289 MiB, 313.39 W, 1980 MHz
2026/07/17 19:30:56.144, 70 %, 20 %, 1289 MiB, 346.27 W, 1980 MHz
2026/07/17 19:31:01.145, 54 %, 6 %, 1289 MiB, 317.99 W, 1980 MHz
2026/07/17 19:31:06.146, 79 %, 27 %, 1289 MiB, 337.37 W, 1980 MHz
2026/07/17 19:31:11.146, 58 %, 8 %, 1289 MiB, 290.55 W, 1980 MHz
2026/07/17 19:31:16.147, 44 %, 8 %, 1289 MiB, 293.95 W, 1980 MHz
2026/07/17 19:31:21.147, 65 %, 13 %, 1289 MiB, 300.96 W, 1980 MHz
2026/07/17 19:31:26.148, 73 %, 18 %, 1289 MiB, 313.34 W, 1980 MHz
2026/07/17 19:31:31.148, 77 %, 24 %, 1289 MiB, 339.58 W, 1980 MHz
2026/07/17 19:31:36.149, 69 %, 15 %, 1289 MiB, 322.68 W, 1980 MHz
2026/07/17 19:31:41.149, 72 %, 20 %, 1289 MiB, 314.31 W, 1980 MHz
2026/07/17 19:31:46.150, 80 %, 25 %, 1289 MiB, 323.45 W, 1980 MHz
2026/07/17 19:31:51.151, 46 %, 7 %, 1289 MiB, 319.52 W, 1980 MHz
2026/07/17 19:31:56.151, 81 %, 37 %, 1289 MiB, 333.69 W, 1980 MHz
2026/07/17 19:32:01.152, 71 %, 19 %, 1289 MiB, 324.52 W, 1980 MHz
2026/07/17 19:32:06.152, 76 %, 22 %, 1289 MiB, 322.09 W, 1980 MHz
2026/07/17 19:32:11.153, 69 %, 16 %, 1289 MiB, 301.90 W, 1980 MHz
2026/07/17 19:32:16.154, 74 %, 19 %, 1289 MiB, 346.34 W, 1980 MHz
2026/07/17 19:32:21.154, 80 %, 31 %, 1289 MiB, 319.65 W, 1980 MHz
2026/07/17 19:32:26.155, 66 %, 13 %, 1289 MiB, 311.50 W, 1980 MHz
2026/07/17 19:32:31.155, 79 %, 26 %, 1289 MiB, 321.01 W, 1980 MHz
2026/07/17 19:32:36.156, 58 %, 9 %, 1289 MiB, 282.36 W, 1980 MHz
2026/07/17 19:32:41.157, 43 %, 7 %, 1289 MiB, 261.10 W, 1980 MHz
2026/07/17 19:32:46.157, 79 %, 26 %, 1289 MiB, 337.43 W, 1980 MHz
2026/07/17 19:32:51.158, 73 %, 18 %, 1289 MiB, 298.13 W, 1980 MHz
2026/07/17 19:32:56.158, 71 %, 19 %, 1289 MiB, 287.23 W, 1980 MHz
2026/07/17 19:33:01.159, 70 %, 15 %, 1289 MiB, 323.11 W, 1980 MHz
2026/07/17 19:33:06.160, 64 %, 11 %, 1289 MiB, 333.07 W, 1980 MHz
2026/07/17 19:33:11.160, 69 %, 15 %, 1289 MiB, 330.96 W, 1980 MHz
2026/07/17 19:33:16.161, 79 %, 30 %, 1289 MiB, 359.85 W, 1980 MHz
2026/07/17 19:33:21.161, 80 %, 28 %, 1289 MiB, 318.66 W, 1980 MHz
2026/07/17 19:33:26.162, 51 %, 5 %, 1289 MiB, 275.33 W, 1980 MHz
2026/07/17 19:33:31.164, 74 %, 22 %, 1289 MiB, 327.64 W, 1980 MHz
2026/07/17 19:33:36.165, 58 %, 9 %, 1289 MiB, 321.69 W, 1980 MHz
2026/07/17 19:33:41.166, 69 %, 18 %, 1289 MiB, 333.30 W, 1980 MHz
2026/07/17 19:33:46.166, 69 %, 15 %, 1289 MiB, 309.93 W, 1980 MHz
2026/07/17 19:33:51.167, 71 %, 20 %, 1289 MiB, 311.68 W, 1980 MHz
2026/07/17 19:33:56.167, 79 %, 28 %, 1289 MiB, 303.31 W, 1980 MHz
2026/07/17 19:34:01.168, 57 %, 8 %, 1289 MiB, 322.50 W, 1980 MHz
2026/07/17 19:34:06.168, 69 %, 18 %, 1289 MiB, 324.40 W, 1980 MHz
2026/07/17 19:34:11.169, 81 %, 29 %, 1289 MiB, 348.74 W, 1980 MHz
2026/07/17 19:34:16.169, 81 %, 36 %, 1289 MiB, 363.94 W, 1980 MHz
2026/07/17 19:34:21.170, 65 %, 14 %, 1289 MiB, 325.16 W, 1980 MHz
2026/07/17 19:34:26.171, 82 %, 33 %, 1289 MiB, 336.98 W, 1980 MHz
2026/07/17 19:34:31.173, 61 %, 10 %, 1289 MiB, 292.33 W, 1980 MHz
2026/07/17 19:34:36.173, 71 %, 21 %, 1289 MiB, 321.67 W, 1980 MHz
2026/07/17 19:34:41.174, 79 %, 24 %, 1289 MiB, 330.07 W, 1980 MHz
2026/07/17 19:34:46.174, 65 %, 13 %, 1289 MiB, 294.05 W, 1980 MHz
2026/07/17 19:34:51.175, 79 %, 30 %, 1289 MiB, 338.33 W, 1980 MHz
2026/07/17 19:34:56.176, 60 %, 16 %, 1289 MiB, 304.82 W, 1980 MHz
2026/07/17 19:35:01.176, 74 %, 27 %, 1289 MiB, 323.48 W, 1980 MHz
2026/07/17 19:35:06.177, 81 %, 31 %, 1289 MiB, 326.08 W, 1980 MHz
2026/07/17 19:35:11.177, 69 %, 15 %, 1289 MiB, 296.94 W, 1980 MHz
2026/07/17 19:35:16.178, 78 %, 34 %, 1289 MiB, 326.42 W, 1980 MHz
2026/07/17 19:35:21.179, 72 %, 19 %, 1289 MiB, 314.13 W, 1980 MHz
2026/07/17 19:35:26.179, 63 %, 14 %, 1289 MiB, 339.52 W, 1980 MHz
2026/07/17 19:35:31.180, 70 %, 15 %, 1289 MiB, 296.07 W, 1980 MHz
2026/07/17 19:35:36.180, 62 %, 11 %, 1289 MiB, 333.41 W, 1980 MHz
2026/07/17 19:35:41.181, 65 %, 14 %, 1289 MiB, 344.77 W, 1980 MHz
2026/07/17 19:35:46.181, 77 %, 25 %, 1289 MiB, 339.89 W, 1980 MHz
2026/07/17 19:35:51.182, 50 %, 11 %, 1289 MiB, 357.05 W, 1980 MHz
2026/07/17 19:35:56.182, 71 %, 19 %, 1289 MiB, 309.43 W, 1980 MHz
2026/07/17 19:36:01.183, 52 %, 9 %, 1289 MiB, 302.89 W, 1980 MHz
2026/07/17 19:36:06.184, 75 %, 24 %, 1289 MiB, 338.06 W, 1980 MHz
2026/07/17 19:36:11.184, 77 %, 23 %, 1289 MiB, 328.97 W, 1980 MHz
2026/07/17 19:36:16.185, 79 %, 29 %, 1289 MiB, 354.48 W, 1980 MHz
2026/07/17 19:36:21.185, 76 %, 27 %, 1289 MiB, 320.98 W, 1980 MHz
2026/07/17 19:36:26.186, 63 %, 12 %, 1289 MiB, 333.24 W, 1980 MHz
2026/07/17 19:36:31.186, 79 %, 25 %, 1289 MiB, 321.19 W, 1980 MHz
2026/07/17 19:36:36.187, 70 %, 17 %, 1289 MiB, 349.67 W, 1980 MHz
2026/07/17 19:36:41.188, 73 %, 25 %, 1289 MiB, 334.84 W, 1980 MHz
2026/07/17 19:36:46.188, 48 %, 8 %, 1289 MiB, 330.32 W, 1980 MHz
2026/07/17 19:36:51.189, 81 %, 31 %, 1289 MiB, 310.87 W, 1980 MHz
2026/07/17 19:36:56.189, 65 %, 12 %, 1289 MiB, 302.14 W, 1980 MHz
2026/07/17 19:37:01.190, 60 %, 11 %, 1289 MiB, 328.23 W, 1980 MHz
2026/07/17 19:37:06.191, 71 %, 17 %, 1289 MiB, 307.03 W, 1980 MHz
2026/07/17 19:37:11.191, 81 %, 36 %, 1289 MiB, 353.79 W, 1980 MHz
2026/07/17 19:37:16.192, 43 %, 1 %, 1289 MiB, 333.65 W, 1980 MHz
2026/07/17 19:37:21.192, 78 %, 25 %, 1289 MiB, 314.31 W, 1980 MHz
2026/07/17 19:37:26.193, 52 %, 4 %, 1289 MiB, 342.38 W, 1980 MHz
2026/07/17 19:37:31.194, 77 %, 21 %, 1289 MiB, 315.61 W, 1980 MHz
2026/07/17 19:37:36.194, 73 %, 19 %, 1289 MiB, 336.87 W, 1980 MHz
2026/07/17 19:37:41.195, 42 %, 7 %, 1289 MiB, 317.73 W, 1980 MHz
2026/07/17 19:37:46.195, 74 %, 20 %, 1289 MiB, 323.45 W, 1980 MHz
2026/07/17 19:37:51.196, 76 %, 26 %, 1289 MiB, 349.26 W, 1980 MHz
2026/07/17 19:37:56.196, 46 %, 9 %, 1289 MiB, 301.39 W, 1980 MHz
2026/07/17 19:38:01.197, 38 %, 3 %, 1289 MiB, 294.25 W, 1980 MHz
2026/07/17 19:38:06.198, 72 %, 25 %, 1289 MiB, 373.03 W, 1980 MHz
2026/07/17 19:38:11.198, 69 %, 15 %, 1289 MiB, 322.40 W, 1980 MHz
2026/07/17 19:38:16.199, 67 %, 17 %, 1289 MiB, 333.76 W, 1980 MHz
2026/07/17 19:38:21.199, 47 %, 9 %, 1289 MiB, 310.68 W, 1980 MHz
2026/07/17 19:38:26.200, 79 %, 28 %, 1289 MiB, 355.65 W, 1980 MHz
2026/07/17 19:38:31.201, 74 %, 20 %, 1289 MiB, 299.04 W, 1980 MHz
2026/07/17 19:38:36.201, 66 %, 16 %, 1289 MiB, 360.63 W, 1980 MHz
2026/07/17 19:38:41.202, 77 %, 34 %, 1289 MiB, 324.67 W, 1980 MHz
2026/07/17 19:38:46.202, 79 %, 24 %, 1289 MiB, 323.99 W, 1980 MHz
2026/07/17 19:38:51.203, 79 %, 25 %, 1289 MiB, 316.39 W, 1980 MHz
2026/07/17 19:38:56.204, 47 %, 10 %, 1289 MiB, 330.15 W, 1980 MHz
2026/07/17 19:39:01.204, 68 %, 14 %, 1289 MiB, 325.16 W, 1980 MHz
2026/07/17 19:39:06.205, 72 %, 17 %, 1289 MiB, 323.70 W, 1980 MHz
2026/07/17 19:39:11.205, 72 %, 20 %, 1289 MiB, 327.31 W, 1980 MHz
2026/07/17 19:39:16.206, 69 %, 14 %, 1289 MiB, 301.66 W, 1980 MHz
2026/07/17 19:39:21.206, 73 %, 21 %, 1289 MiB, 332.37 W, 1980 MHz
2026/07/17 19:39:26.207, 77 %, 24 %, 1289 MiB, 309.19 W, 1980 MHz
2026/07/17 19:39:31.207, 47 %, 9 %, 1289 MiB, 302.83 W, 1980 MHz
2026/07/17 19:39:36.208, 64 %, 13 %, 1289 MiB, 315.48 W, 1980 MHz
2026/07/17 19:39:41.208, 59 %, 8 %, 1289 MiB, 293.84 W, 1980 MHz
2026/07/17 19:39:46.209, 78 %, 20 %, 1289 MiB, 322.12 W, 1980 MHz
2026/07/17 19:39:51.210, 76 %, 21 %, 1289 MiB, 330.84 W, 1980 MHz
2026/07/17 19:39:56.210, 42 %, 7 %, 1289 MiB, 319.54 W, 1980 MHz
2026/07/17 19:40:01.211, 74 %, 22 %, 1289 MiB, 311.30 W, 1980 MHz
2026/07/17 19:40:06.211, 66 %, 13 %, 1289 MiB, 317.86 W, 1980 MHz
2026/07/17 19:40:11.212, 81 %, 34 %, 1289 MiB, 347.57 W, 1980 MHz
2026/07/17 19:40:16.213, 57 %, 9 %, 1289 MiB, 333.56 W, 1980 MHz
2026/07/17 19:40:21.213, 65 %, 12 %, 1289 MiB, 302.62 W, 1980 MHz
2026/07/17 19:40:26.214, 79 %, 27 %, 1289 MiB, 343.87 W, 1980 MHz
2026/07/17 19:40:31.214, 79 %, 27 %, 1289 MiB, 320.42 W, 1980 MHz
2026/07/17 19:40:36.215, 54 %, 5 %, 1289 MiB, 287.96 W, 1980 MHz
2026/07/17 19:40:41.216, 69 %, 15 %, 1289 MiB, 294.65 W, 1980 MHz
2026/07/17 19:40:46.216, 47 %, 9 %, 1289 MiB, 285.33 W, 1980 MHz
2026/07/17 19:40:51.217, 61 %, 11 %, 1289 MiB, 306.56 W, 1980 MHz
2026/07/17 19:40:56.217, 66 %, 15 %, 1289 MiB, 273.37 W, 1980 MHz
2026/07/17 19:41:01.218, 77 %, 27 %, 1289 MiB, 347.48 W, 1980 MHz
2026/07/17 19:41:06.219, 65 %, 15 %, 1289 MiB, 330.49 W, 1980 MHz
2026/07/17 19:41:11.219, 80 %, 27 %, 1289 MiB, 341.56 W, 1980 MHz
2026/07/17 19:41:16.220, 76 %, 20 %, 1289 MiB, 316.36 W, 1980 MHz
2026/07/17 19:41:21.221, 66 %, 12 %, 1289 MiB, 330.12 W, 1980 MHz
2026/07/17 19:41:26.221, 73 %, 17 %, 1289 MiB, 344.82 W, 1980 MHz
2026/07/17 19:41:31.222, 72 %, 18 %, 1289 MiB, 292.71 W, 1980 MHz
2026/07/17 19:41:36.222, 52 %, 19 %, 1289 MiB, 366.42 W, 1980 MHz
2026/07/17 19:41:41.223, 76 %, 26 %, 1289 MiB, 318.34 W, 1980 MHz
2026/07/17 19:41:46.223, 81 %, 31 %, 1289 MiB, 309.40 W, 1980 MHz
2026/07/17 19:41:51.224, 71 %, 18 %, 1289 MiB, 272.01 W, 1980 MHz
2026/07/17 19:41:56.225, 81 %, 30 %, 1289 MiB, 330.43 W, 1980 MHz
2026/07/17 19:42:01.225, 78 %, 25 %, 1289 MiB, 314.39 W, 1980 MHz
2026/07/17 19:42:06.226, 0 %, 0 %, 0 MiB, 119.23 W, 405 MHz
2026/07/17 19:42:11.226, 0 %, 0 %, 0 MiB, 72.70 W, 345 MHz
2026/07/17 19:42:16.227, 0 %, 0 %, 0 MiB, 72.29 W, 345 MHz
2026/07/17 19:42:21.227, 0 %, 0 %, 0 MiB, 71.93 W, 345 MHz
2026/07/17 19:42:26.228, 0 %, 0 %, 0 MiB, 71.72 W, 345 MHz
2026/07/17 19:42:31.228, 0 %, 0 %, 0 MiB, 71.51 W, 345 MHz
2026/07/17 19:42:36.229, 0 %, 0 %, 0 MiB, 71.38 W, 345 MHz
2026/07/17 19:42:41.229, 0 %, 0 %, 0 MiB, 71.25 W, 345 MHz
2026/07/17 19:42:46.230, 0 %, 0 %, 0 MiB, 71.18 W, 345 MHz
2026/07/17 19:42:51.231, 0 %, 0 %, 0 MiB, 71.08 W, 345 MHz
2026/07/17 19:42:56.231, 0 %, 0 %, 0 MiB, 71.01 W, 345 MHz
2026/07/17 19:43:01.232, 0 %, 0 %, 0 MiB, 70.92 W, 345 MHz
2026/07/17 19:43:06.232, 0 %, 0 %, 0 MiB, 70.86 W, 345 MHz
2026/07/17 19:43:11.233, 0 %, 0 %, 0 MiB, 70.75 W, 345 MHz
2026/07/17 19:43:16.233, 0 %, 0 %, 0 MiB, 70.74 W, 345 MHz
2026/07/17 19:43:21.234, 0 %, 0 %, 0 MiB, 70.66 W, 345 MHz
2026/07/17 19:43:26.234, 0 %, 0 %, 0 MiB, 70.63 W, 345 MHz
2026/07/17 19:43:31.235, 0 %, 0 %, 0 MiB, 70.61 W, 345 MHz
2026/07/17 19:43:36.236, 0 %, 0 %, 0 MiB, 70.59 W, 345 MHz
2026/07/17 19:43:41.236, 0 %, 0 %, 0 MiB, 70.54 W, 345 MHz
2026/07/17 19:43:46.237, 0 %, 0 %, 0 MiB, 70.55 W, 345 MHz
2026/07/17 19:43:51.237, 0 %, 0 %, 0 MiB, 70.50 W, 345 MHz
2026/07/17 19:43:56.238, 0 %, 0 %, 0 MiB, 70.49 W, 345 MHz
2026/07/17 19:44:01.238, 0 %, 0 %, 0 MiB, 70.45 W, 345 MHz
2026/07/17 19:44:06.239, 0 %, 0 %, 0 MiB, 70.44 W, 345 MHz
2026/07/17 19:44:11.240, 0 %, 0 %, 0 MiB, 70.40 W, 345 MHz
2026/07/17 19:44:16.240, 0 %, 0 %, 0 MiB, 70.43 W, 345 MHz
2026/07/17 19:44:21.241, 0 %, 0 %, 0 MiB, 70.45 W, 345 MHz
2026/07/17 19:44:26.241, 0 %, 0 %, 0 MiB, 70.42 W, 345 MHz
2026/07/17 19:44:31.242, 0 %, 0 %, 0 MiB, 70.37 W, 345 MHz
2026/07/17 19:44:36.242, 0 %, 0 %, 0 MiB, 70.36 W, 345 MHz
2026/07/17 19:44:41.243, 0 %, 0 %, 0 MiB, 70.37 W, 345 MHz
2026/07/17 19:44:46.244, 0 %, 0 %, 0 MiB, 70.34 W, 345 MHz
2026/07/17 19:44:51.244, 0 %, 0 %, 0 MiB, 70.34 W, 345 MHz
2026/07/17 19:44:56.245, 0 %, 0 %, 0 MiB, 70.31 W, 345 MHz
2026/07/17 19:45:01.245, 0 %, 0 %, 0 MiB, 70.36 W, 345 MHz
2026/07/17 19:45:06.246, 0 %, 0 %, 4 MiB, 70.43 W, 345 MHz
2026/07/17 19:45:11.247, 0 %, 0 %, 0 MiB, 113.22 W, 405 MHz
2026/07/17 19:45:16.247, 0 %, 0 %, 0 MiB, 70.41 W, 345 MHz
2026/07/17 19:45:21.248, 0 %, 0 %, 0 MiB, 70.40 W, 345 MHz
2026/07/17 19:45:26.249, 0 %, 0 %, 0 MiB, 70.41 W, 345 MHz
2026/07/17 19:45:31.249, 0 %, 0 %, 0 MiB, 70.39 W, 345 MHz
2026/07/17 19:45:36.250, 0 %, 0 %, 0 MiB, 70.39 W, 345 MHz
2026/07/17 19:45:41.250, 0 %, 0 %, 0 MiB, 70.38 W, 345 MHz
2026/07/17 19:45:46.251, 0 %, 0 %, 0 MiB, 70.41 W, 345 MHz
2026/07/17 19:45:51.252, 0 %, 0 %, 0 MiB, 70.39 W, 345 MHz
2026/07/17 19:45:56.252, 0 %, 0 %, 0 MiB, 70.35 W, 345 MHz
2026/07/17 19:46:01.253, 0 %, 0 %, 0 MiB, 70.39 W, 345 MHz
2026/07/17 19:46:06.253, 0 %, 0 %, 0 MiB, 70.32 W, 345 MHz
2026/07/17 19:46:11.254, 0 %, 0 %, 0 MiB, 70.34 W, 345 MHz
2026/07/17 19:46:16.254, 0 %, 0 %, 0 MiB, 70.33 W, 345 MHz
2026/07/17 19:46:21.255, 0 %, 0 %, 0 MiB, 70.31 W, 345 MHz
2026/07/17 19:46:26.255, 0 %, 0 %, 0 MiB, 70.35 W, 345 MHz
2026/07/17 19:46:31.256, 0 %, 0 %, 0 MiB, 70.33 W, 345 MHz
2026/07/17 19:46:36.256, 0 %, 0 %, 0 MiB, 70.33 W, 345 MHz
2026/07/17 19:46:41.257, 0 %, 0 %, 0 MiB, 70.31 W, 345 MHz
2026/07/17 19:46:46.257, 0 %, 0 %, 0 MiB, 70.29 W, 345 MHz
2026/07/17 19:46:51.258, 0 %, 0 %, 0 MiB, 70.28 W, 345 MHz
2026/07/17 19:46:56.259, 0 %, 0 %, 0 MiB, 70.29 W, 345 MHz
2026/07/17 19:47:01.259, 0 %, 0 %, 0 MiB, 70.29 W, 345 MHz
2026/07/17 19:47:06.260, 0 %, 0 %, 0 MiB, 70.34 W, 345 MHz
2026/07/17 19:47:11.260, 0 %, 0 %, 0 MiB, 70.30 W, 345 MHz
2026/07/17 19:47:16.261, 0 %, 0 %, 0 MiB, 70.26 W, 345 MHz
2026/07/17 19:47:21.262, 0 %, 0 %, 0 MiB, 70.29 W, 345 MHz
2026/07/17 19:47:26.262, 0 %, 0 %, 0 MiB, 70.28 W, 345 MHz
2026/07/17 19:47:31.263, 0 %, 0 %, 0 MiB, 70.32 W, 345 MHz
2026/07/17 19:47:36.263, 0 %, 0 %, 0 MiB, 70.26 W, 345 MHz
2026/07/17 19:47:41.264, 0 %, 0 %, 0 MiB, 70.26 W, 345 MHz
2026/07/17 19:47:46.265, 0 %, 0 %, 0 MiB, 70.26 W, 345 MHz
2026/07/17 19:47:51.265, 0 %, 0 %, 0 MiB, 70.31 W, 345 MHz
2026/07/17 19:47:56.266, 0 %, 0 %, 0 MiB, 70.28 W, 345 MHz
2026/07/17 19:48:01.266, 0 %, 0 %, 0 MiB, 70.28 W, 345 MHz
2026/07/17 19:48:06.267, 0 %, 0 %, 0 MiB, 70.30 W, 345 MHz
2026/07/17 19:48:11.267, 0 %, 0 %, 0 MiB, 70.26 W, 345 MHz
2026/07/17 19:48:16.268, 0 %, 0 %, 0 MiB, 70.31 W, 345 MHz
2026/07/17 19:48:21.268, 0 %, 0 %, 0 MiB, 70.28 W, 345 MHz
2026/07/17 19:48:26.269, 0 %, 0 %, 0 MiB, 70.28 W, 345 MHz
2026/07/17 19:48:31.270, 0 %, 0 %, 0 MiB, 70.29 W, 345 MHz
2026/07/17 19:48:36.270, 0 %, 0 %, 0 MiB, 70.26 W, 345 MHz
2026/07/17 19:48:41.271, 0 %, 0 %, 0 MiB, 70.26 W, 345 MHz
2026/07/17 19:48:46.271, 0 %, 0 %, 0 MiB, 70.29 W, 345 MHz
2026/07/17 19:48:51.272, 0 %, 0 %, 0 MiB, 70.28 W, 345 MHz
2026/07/17 19:48:56.273, 0 %, 0 %, 0 MiB, 70.29 W, 345 MHz
2026/07/17 19:49:01.273, 0 %, 0 %, 0 MiB, 70.25 W, 345 MHz
2026/07/17 19:49:06.274, 0 %, 0 %, 0 MiB, 70.31 W, 345 MHz
2026/07/17 19:49:11.274, 0 %, 0 %, 0 MiB, 70.28 W, 345 MHz
2026/07/17 19:49:16.275, 0 %, 0 %, 0 MiB, 70.25 W, 345 MHz
2026/07/17 19:49:21.276, 0 %, 0 %, 0 MiB, 70.24 W, 345 MHz
2026/07/17 19:49:26.276, 0 %, 0 %, 0 MiB, 70.29 W, 345 MHz
2026/07/17 19:49:31.277, 0 %, 0 %, 0 MiB, 70.29 W, 345 MHz
2026/07/17 19:49:36.277, 0 %, 0 %, 0 MiB, 70.23 W, 345 MHz
2026/07/17 19:49:41.278, 0 %, 0 %, 0 MiB, 70.25 W, 345 MHz
2026/07/17 19:49:46.279, 0 %, 0 %, 0 MiB, 70.24 W, 345 MHz
2026/07/17 19:49:51.279, 0 %, 0 %, 0 MiB, 70.24 W, 345 MHz
2026/07/17 19:49:56.280, 0 %, 0 %, 0 MiB, 70.26 W, 345 MHz
2026/07/17 19:50:01.280, 0 %, 0 %, 0 MiB, 70.23 W, 345 MHz
2026/07/17 19:50:06.281, 0 %, 0 %, 0 MiB, 70.19 W, 345 MHz
2026/07/17 19:50:11.282, 0 %, 0 %, 0 MiB, 70.21 W, 345 MHz
2026/07/17 19:50:16.282, 0 %, 0 %, 0 MiB, 70.22 W, 345 MHz
2026/07/17 19:50:21.283, 0 %, 0 %, 0 MiB, 70.22 W, 345 MHz
2026/07/17 19:50:26.284, 0 %, 0 %, 0 MiB, 70.23 W, 345 MHz
2026/07/17 19:50:31.284, 0 %, 0 %, 0 MiB, 70.21 W, 345 MHz
2026/07/17 19:50:36.285, 0 %, 0 %, 0 MiB, 70.20 W, 345 MHz
2026/07/17 19:50:41.285, 0 %, 0 %, 0 MiB, 70.21 W, 345 MHz
2026/07/17 19:50:46.286, 0 %, 0 %, 0 MiB, 70.21 W, 345 MHz
2026/07/17 19:50:51.287, 0 %, 0 %, 0 MiB, 70.27 W, 345 MHz
2026/07/17 19:50:56.287, 0 %, 0 %, 0 MiB, 70.24 W, 345 MHz
2026/07/17 19:51:01.288, 0 %, 0 %, 0 MiB, 70.18 W, 345 MHz
2026/07/17 19:51:06.288, 0 %, 0 %, 0 MiB, 70.23 W, 345 MHz
2026/07/17 19:51:11.289, 0 %, 0 %, 0 MiB, 70.21 W, 345 MHz
2026/07/17 19:51:16.289, 0 %, 0 %, 0 MiB, 70.19 W, 345 MHz
2026/07/17 19:51:21.290, 0 %, 0 %, 0 MiB, 70.23 W, 345 MHz
2026/07/17 19:51:26.291, 0 %, 0 %, 0 MiB, 70.25 W, 345 MHz
2026/07/17 19:51:31.291, 0 %, 0 %, 0 MiB, 70.24 W, 345 MHz
2026/07/17 19:51:36.292, 0 %, 0 %, 0 MiB, 70.23 W, 345 MHz
2026/07/17 19:51:41.293, 0 %, 0 %, 0 MiB, 70.19 W, 345 MHz
2026/07/17 19:51:46.293, 0 %, 0 %, 0 MiB, 70.19 W, 345 MHz
2026/07/17 19:51:51.294, 0 %, 0 %, 0 MiB, 70.21 W, 345 MHz
2026/07/17 19:51:56.295, 0 %, 0 %, 0 MiB, 70.16 W, 345 MHz
2026/07/17 19:52:01.295, 0 %, 0 %, 0 MiB, 70.19 W, 345 MHz
2026/07/17 19:52:06.296, 0 %, 0 %, 0 MiB, 70.20 W, 345 MHz
2026/07/17 19:52:11.296, 0 %, 0 %, 0 MiB, 70.21 W, 345 MHz
2026/07/17 19:52:16.297, 0 %, 0 %, 0 MiB, 70.12 W, 345 MHz
2026/07/17 19:52:21.297, 0 %, 0 %, 0 MiB, 70.18 W, 345 MHz
2026/07/17 19:52:26.298, 0 %, 0 %, 0 MiB, 70.20 W, 345 MHz
2026/07/17 19:52:31.299, 0 %, 0 %, 0 MiB, 70.16 W, 345 MHz
2026/07/17 19:52:36.299, 0 %, 0 %, 0 MiB, 70.14 W, 345 MHz
2026/07/17 19:52:41.300, 0 %, 0 %, 0 MiB, 70.23 W, 345 MHz
2026/07/17 19:52:46.300, 0 %, 0 %, 0 MiB, 70.25 W, 345 MHz
2026/07/17 19:52:51.301, 0 %, 0 %, 0 MiB, 70.20 W, 345 MHz
2026/07/17 19:52:56.302, 0 %, 0 %, 0 MiB, 70.22 W, 345 MHz
2026/07/17 19:53:01.302, 0 %, 0 %, 0 MiB, 70.24 W, 345 MHz
2026/07/17 19:53:06.303, 0 %, 0 %, 0 MiB, 70.21 W, 345 MHz
2026/07/17 19:53:11.303, 0 %, 0 %, 0 MiB, 70.21 W, 345 MHz
2026/07/17 19:53:16.304, 0 %, 0 %, 0 MiB, 70.24 W, 345 MHz
2026/07/17 19:53:21.305, 0 %, 0 %, 0 MiB, 70.22 W, 345 MHz
2026/07/17 19:53:26.305, 0 %, 0 %, 0 MiB, 70.21 W, 345 MHz
2026/07/17 19:53:31.306, 0 %, 0 %, 0 MiB, 70.20 W, 345 MHz
2026/07/17 19:53:36.306, 0 %, 0 %, 0 MiB, 70.22 W, 345 MHz
2026/07/17 19:53:41.307, 0 %, 0 %, 0 MiB, 70.23 W, 345 MHz
2026/07/17 19:53:46.307, 0 %, 0 %, 0 MiB, 70.19 W, 345 MHz
2026/07/17 19:53:51.308, 0 %, 0 %, 0 MiB, 70.19 W, 345 MHz
2026/07/17 19:53:56.308, 0 %, 0 %, 0 MiB, 70.20 W, 345 MHz
2026/07/17 19:54:01.309, 0 %, 0 %, 0 MiB, 70.23 W, 345 MHz
2026/07/17 19:54:06.309, 0 %, 0 %, 0 MiB, 70.24 W, 345 MHz
2026/07/17 19:54:11.310, 0 %, 0 %, 0 MiB, 70.23 W, 345 MHz
2026/07/17 19:54:16.311, 0 %, 0 %, 0 MiB, 70.23 W, 345 MHz
2026/07/17 19:54:21.311, 0 %, 0 %, 0 MiB, 70.21 W, 345 MHz
2026/07/17 19:54:26.312, 0 %, 0 %, 0 MiB, 70.21 W, 345 MHz
2026/07/17 19:54:31.312, 0 %, 0 %, 0 MiB, 70.19 W, 345 MHz
2026/07/17 19:54:36.313, 0 %, 0 %, 0 MiB, 70.18 W, 345 MHz
2026/07/17 19:54:41.313, 0 %, 0 %, 0 MiB, 70.25 W, 345 MHz
2026/07/17 19:54:46.314, 0 %, 0 %, 0 MiB, 70.26 W, 345 MHz
2026/07/17 19:54:51.315, 0 %, 0 %, 0 MiB, 70.24 W, 345 MHz
2026/07/17 19:54:56.315, 0 %, 0 %, 0 MiB, 70.20 W, 345 MHz
2026/07/17 19:55:01.315, 0 %, 0 %, 0 MiB, 70.23 W, 345 MHz
2026/07/17 19:55:06.316, 0 %, 0 %, 0 MiB, 70.21 W, 345 MHz
2026/07/17 19:55:11.317, 0 %, 0 %, 0 MiB, 70.22 W, 345 MHz
2026/07/17 19:55:16.317, 0 %, 0 %, 0 MiB, 70.22 W, 345 MHz
2026/07/17 19:55:21.318, 0 %, 0 %, 0 MiB, 70.26 W, 345 MHz
2026/07/17 19:55:26.318, 0 %, 0 %, 0 MiB, 70.21 W, 345 MHz
2026/07/17 19:55:31.319, 0 %, 0 %, 0 MiB, 70.16 W, 345 MHz
2026/07/17 19:55:36.319, 0 %, 0 %, 0 MiB, 70.25 W, 345 MHz
2026/07/17 19:55:41.320, 0 %, 0 %, 0 MiB, 70.23 W, 345 MHz
2026/07/17 19:55:46.320, 0 %, 0 %, 0 MiB, 70.21 W, 345 MHz
2026/07/17 19:55:51.321, 0 %, 0 %, 0 MiB, 70.21 W, 345 MHz
2026/07/17 19:55:56.322, 0 %, 0 %, 0 MiB, 70.19 W, 345 MHz
2026/07/17 19:56:01.322, 0 %, 0 %, 0 MiB, 70.24 W, 345 MHz
2026/07/17 19:56:06.323, 0 %, 0 %, 0 MiB, 70.21 W, 345 MHz
2026/07/17 19:56:11.323, 0 %, 0 %, 0 MiB, 70.19 W, 345 MHz
2026/07/17 19:56:16.324, 0 %, 0 %, 0 MiB, 70.22 W, 345 MHz
2026/07/17 19:56:21.325, 0 %, 0 %, 0 MiB, 70.21 W, 345 MHz
2026/07/17 19:56:26.325, 0 %, 0 %, 0 MiB, 70.24 W, 345 MHz
2026/07/17 19:56:31.326, 0 %, 0 %, 0 MiB, 70.22 W, 345 MHz
2026/07/17 19:56:36.326, 0 %, 0 %, 0 MiB, 70.21 W, 345 MHz
2026/07/17 19:56:41.327, 0 %, 0 %, 0 MiB, 70.27 W, 345 MHz
2026/07/17 19:56:46.328, 0 %, 0 %, 0 MiB, 70.19 W, 345 MHz
2026/07/17 19:56:51.328, 0 %, 0 %, 0 MiB, 70.19 W, 345 MHz
2026/07/17 19:56:56.329, 0 %, 0 %, 0 MiB, 70.19 W, 345 MHz
2026/07/17 19:57:01.329, 0 %, 0 %, 0 MiB, 70.19 W, 345 MHz
2026/07/17 19:57:06.330, 0 %, 0 %, 0 MiB, 70.21 W, 345 MHz
2026/07/17 19:57:11.330, 89 %, 55 %, 5895 MiB, 516.42 W, 1980 MHz
2026/07/17 19:57:16.331, 89 %, 55 %, 5895 MiB, 528.67 W, 1980 MHz
2026/07/17 19:57:21.331, 90 %, 55 %, 5895 MiB, 530.08 W, 1980 MHz
2026/07/17 19:57:26.332, 80 %, 49 %, 5895 MiB, 528.23 W, 1980 MHz
2026/07/17 19:57:31.333, 91 %, 57 %, 15311 MiB, 543.44 W, 1980 MHz
2026/07/17 19:57:36.333, 91 %, 56 %, 15311 MiB, 555.55 W, 1980 MHz
2026/07/17 19:57:41.334, 92 %, 58 %, 28831 MiB, 557.28 W, 1980 MHz
2026/07/17 19:57:46.334, 93 %, 58 %, 28831 MiB, 560.70 W, 1980 MHz
2026/07/17 19:57:51.335, 94 %, 59 %, 28831 MiB, 558.24 W, 1980 MHz
2026/07/17 19:57:56.335, 95 %, 59 %, 28831 MiB, 554.92 W, 1980 MHz
2026/07/17 19:58:01.336, 90 %, 55 %, 28831 MiB, 559.02 W, 1980 MHz
2026/07/17 19:58:06.337, 87 %, 55 %, 28831 MiB, 539.42 W, 1980 MHz
2026/07/17 19:58:11.337, 91 %, 57 %, 28831 MiB, 534.78 W, 1980 MHz
2026/07/17 19:58:16.338, 91 %, 57 %, 28831 MiB, 535.40 W, 1980 MHz
2026/07/17 19:58:21.339, 88 %, 54 %, 28831 MiB, 538.68 W, 1980 MHz
2026/07/17 19:58:26.339, 64 %, 40 %, 28831 MiB, 532.75 W, 1980 MHz
2026/07/17 19:58:31.340, 80 %, 51 %, 28831 MiB, 526.31 W, 1980 MHz
2026/07/17 19:58:36.340, 83 %, 52 %, 28831 MiB, 532.91 W, 1980 MHz
2026/07/17 19:58:41.341, 95 %, 59 %, 28831 MiB, 542.18 W, 1980 MHz
2026/07/17 19:58:46.342, 92 %, 57 %, 28831 MiB, 543.42 W, 1980 MHz
2026/07/17 19:58:51.342, 92 %, 57 %, 28831 MiB, 542.85 W, 1980 MHz
2026/07/17 19:58:56.343, 92 %, 58 %, 28831 MiB, 543.27 W, 1980 MHz
2026/07/17 19:59:01.344, 83 %, 52 %, 28831 MiB, 545.01 W, 1980 MHz
2026/07/17 19:59:06.344, 84 %, 53 %, 28831 MiB, 549.53 W, 1980 MHz
2026/07/17 19:59:11.345, 90 %, 56 %, 28831 MiB, 547.41 W, 1980 MHz
2026/07/17 19:59:16.346, 92 %, 57 %, 28831 MiB, 546.33 W, 1980 MHz
2026/07/17 19:59:21.346, 92 %, 58 %, 28831 MiB, 542.78 W, 1980 MHz
2026/07/17 19:59:26.347, 92 %, 58 %, 28831 MiB, 547.22 W, 1980 MHz
2026/07/17 19:59:31.348, 88 %, 54 %, 28831 MiB, 543.52 W, 1980 MHz
2026/07/17 19:59:36.348, 94 %, 59 %, 28831 MiB, 546.81 W, 1980 MHz
2026/07/17 19:59:41.349, 87 %, 54 %, 28831 MiB, 552.78 W, 1980 MHz
2026/07/17 19:59:46.349, 82 %, 51 %, 28831 MiB, 548.42 W, 1980 MHz
2026/07/17 19:59:51.350, 83 %, 51 %, 28831 MiB, 546.18 W, 1980 MHz
2026/07/17 19:59:56.351, 91 %, 56 %, 28831 MiB, 555.26 W, 1980 MHz
2026/07/17 20:00:01.351, 89 %, 55 %, 28831 MiB, 545.81 W, 1980 MHz
2026/07/17 20:00:06.352, 91 %, 56 %, 28831 MiB, 545.56 W, 1980 MHz
2026/07/17 20:00:11.353, 91 %, 56 %, 28831 MiB, 551.12 W, 1980 MHz
2026/07/17 20:00:16.354, 91 %, 56 %, 28831 MiB, 553.62 W, 1980 MHz
2026/07/17 20:00:21.355, 91 %, 57 %, 28831 MiB, 553.61 W, 1980 MHz
2026/07/17 20:00:26.355, 92 %, 57 %, 28831 MiB, 536.06 W, 1980 MHz
2026/07/17 20:00:31.356, 95 %, 60 %, 28831 MiB, 539.03 W, 1980 MHz
2026/07/17 20:00:36.356, 85 %, 53 %, 28831 MiB, 544.46 W, 1980 MHz
2026/07/17 20:00:41.357, 94 %, 58 %, 28831 MiB, 549.96 W, 1980 MHz
2026/07/17 20:00:46.358, 94 %, 58 %, 28831 MiB, 550.19 W, 1980 MHz
2026/07/17 20:00:51.359, 90 %, 56 %, 28831 MiB, 542.34 W, 1980 MHz
2026/07/17 20:00:56.359, 94 %, 59 %, 28831 MiB, 547.45 W, 1980 MHz
2026/07/17 20:01:01.360, 93 %, 58 %, 28831 MiB, 542.95 W, 1980 MHz
2026/07/17 20:01:06.360, 85 %, 53 %, 28831 MiB, 525.75 W, 1980 MHz
2026/07/17 20:01:11.361, 83 %, 52 %, 28831 MiB, 549.03 W, 1980 MHz
2026/07/17 20:01:16.362, 96 %, 60 %, 28831 MiB, 545.30 W, 1980 MHz
2026/07/17 20:01:21.362, 96 %, 60 %, 28831 MiB, 554.33 W, 1980 MHz
2026/07/17 20:01:26.363, 94 %, 59 %, 28831 MiB, 540.61 W, 1980 MHz
2026/07/17 20:01:31.363, 87 %, 55 %, 28831 MiB, 551.60 W, 1980 MHz
2026/07/17 20:01:36.364, 95 %, 59 %, 28831 MiB, 548.51 W, 1980 MHz
2026/07/17 20:01:41.365, 89 %, 55 %, 28831 MiB, 552.85 W, 1980 MHz
2026/07/17 20:01:46.365, 91 %, 56 %, 28831 MiB, 548.42 W, 1980 MHz
2026/07/17 20:01:51.366, 92 %, 57 %, 28831 MiB, 556.30 W, 1980 MHz
2026/07/17 20:01:56.367, 92 %, 58 %, 28831 MiB, 548.20 W, 1980 MHz
2026/07/17 20:02:01.367, 91 %, 57 %, 28831 MiB, 539.05 W, 1980 MHz
2026/07/17 20:02:06.368, 92 %, 58 %, 28831 MiB, 548.93 W, 1980 MHz
2026/07/17 20:02:11.369, 95 %, 60 %, 28831 MiB, 554.17 W, 1980 MHz
2026/07/17 20:02:16.369, 91 %, 57 %, 28831 MiB, 544.30 W, 1980 MHz
2026/07/17 20:02:21.370, 94 %, 59 %, 28831 MiB, 534.03 W, 1980 MHz
2026/07/17 20:02:26.370, 88 %, 55 %, 28831 MiB, 537.09 W, 1980 MHz
2026/07/17 20:02:31.371, 93 %, 58 %, 28831 MiB, 551.23 W, 1980 MHz
2026/07/17 20:02:36.372, 80 %, 49 %, 28831 MiB, 546.80 W, 1980 MHz
2026/07/17 20:02:41.372, 80 %, 49 %, 28831 MiB, 551.02 W, 1980 MHz
2026/07/17 20:02:46.373, 92 %, 57 %, 28831 MiB, 559.85 W, 1980 MHz
2026/07/17 20:02:51.373, 89 %, 55 %, 28831 MiB, 545.36 W, 1980 MHz
2026/07/17 20:02:56.374, 89 %, 55 %, 28831 MiB, 531.57 W, 1980 MHz
2026/07/17 20:03:01.375, 89 %, 55 %, 28831 MiB, 558.56 W, 1980 MHz
2026/07/17 20:03:06.375, 92 %, 57 %, 28831 MiB, 562.14 W, 1980 MHz
2026/07/17 20:03:11.376, 91 %, 56 %, 28831 MiB, 567.74 W, 1980 MHz
2026/07/17 20:03:16.377, 83 %, 51 %, 28831 MiB, 545.06 W, 1980 MHz
2026/07/17 20:03:21.377, 92 %, 58 %, 28831 MiB, 550.40 W, 1980 MHz
2026/07/17 20:03:26.378, 93 %, 59 %, 28831 MiB, 539.23 W, 1980 MHz
2026/07/17 20:03:31.378, 86 %, 54 %, 28831 MiB, 535.70 W, 1980 MHz
2026/07/17 20:03:36.379, 91 %, 57 %, 28831 MiB, 539.46 W, 1980 MHz
2026/07/17 20:03:41.380, 83 %, 52 %, 28831 MiB, 533.97 W, 1980 MHz
2026/07/17 20:03:46.380, 85 %, 53 %, 28831 MiB, 542.53 W, 1980 MHz
2026/07/17 20:03:51.381, 72 %, 44 %, 28831 MiB, 539.35 W, 1980 MHz
2026/07/17 20:03:56.382, 91 %, 57 %, 28831 MiB, 537.88 W, 1980 MHz
2026/07/17 20:04:01.382, 73 %, 45 %, 28831 MiB, 531.97 W, 1980 MHz
2026/07/17 20:04:06.383, 90 %, 57 %, 28831 MiB, 546.04 W, 1980 MHz
2026/07/17 20:04:11.384, 77 %, 47 %, 28831 MiB, 526.26 W, 1980 MHz
2026/07/17 20:04:16.384, 73 %, 44 %, 28831 MiB, 536.94 W, 1980 MHz
2026/07/17 20:04:21.385, 95 %, 59 %, 28831 MiB, 540.55 W, 1980 MHz
2026/07/17 20:04:26.385, 77 %, 48 %, 28831 MiB, 540.17 W, 1980 MHz
2026/07/17 20:04:31.386, 85 %, 53 %, 28831 MiB, 528.44 W, 1980 MHz
2026/07/17 20:04:36.387, 71 %, 43 %, 28831 MiB, 543.63 W, 1980 MHz
2026/07/17 20:04:41.387, 91 %, 57 %, 28831 MiB, 536.80 W, 1980 MHz
2026/07/17 20:04:46.388, 91 %, 57 %, 28831 MiB, 537.76 W, 1980 MHz
2026/07/17 20:04:51.388, 94 %, 59 %, 28831 MiB, 539.26 W, 1980 MHz
2026/07/17 20:04:56.389, 80 %, 50 %, 28831 MiB, 529.01 W, 1980 MHz
2026/07/17 20:05:01.390, 86 %, 53 %, 28831 MiB, 539.38 W, 1980 MHz
2026/07/17 20:05:06.390, 76 %, 47 %, 28831 MiB, 532.85 W, 1980 MHz
2026/07/17 20:05:11.391, 95 %, 59 %, 28831 MiB, 543.54 W, 1980 MHz
2026/07/17 20:05:16.392, 95 %, 59 %, 28831 MiB, 535.72 W, 1980 MHz
2026/07/17 20:05:21.392, 70 %, 43 %, 28831 MiB, 541.45 W, 1980 MHz
2026/07/17 20:05:26.393, 93 %, 59 %, 28831 MiB, 547.48 W, 1980 MHz
2026/07/17 20:05:31.393, 85 %, 54 %, 28831 MiB, 541.29 W, 1980 MHz
2026/07/17 20:05:36.394, 93 %, 58 %, 28831 MiB, 537.53 W, 1980 MHz
2026/07/17 20:05:41.395, 92 %, 58 %, 28831 MiB, 549.58 W, 1980 MHz
2026/07/17 20:05:46.395, 91 %, 56 %, 28831 MiB, 557.47 W, 1980 MHz
2026/07/17 20:05:51.396, 90 %, 56 %, 28831 MiB, 547.53 W, 1980 MHz
2026/07/17 20:05:56.396, 83 %, 51 %, 28831 MiB, 533.78 W, 1980 MHz
2026/07/17 20:06:01.397, 91 %, 56 %, 28831 MiB, 549.44 W, 1980 MHz
2026/07/17 20:06:06.398, 95 %, 59 %, 28831 MiB, 542.68 W, 1980 MHz
2026/07/17 20:06:11.398, 81 %, 51 %, 28831 MiB, 523.99 W, 1980 MHz
2026/07/17 20:06:16.399, 92 %, 58 %, 28831 MiB, 538.84 W, 1980 MHz
2026/07/17 20:06:21.400, 85 %, 53 %, 28831 MiB, 535.95 W, 1980 MHz
2026/07/17 20:06:26.400, 88 %, 55 %, 28831 MiB, 536.30 W, 1980 MHz
2026/07/17 20:06:31.401, 93 %, 58 %, 28831 MiB, 543.05 W, 1980 MHz
2026/07/17 20:06:36.401, 81 %, 49 %, 28831 MiB, 541.40 W, 1980 MHz
2026/07/17 20:06:41.402, 88 %, 54 %, 28831 MiB, 531.96 W, 1980 MHz
2026/07/17 20:06:46.402, 80 %, 49 %, 28831 MiB, 532.50 W, 1980 MHz
2026/07/17 20:06:51.403, 78 %, 48 %, 28831 MiB, 537.72 W, 1980 MHz
2026/07/17 20:06:56.404, 95 %, 59 %, 28831 MiB, 538.70 W, 1980 MHz
2026/07/17 20:07:01.404, 94 %, 59 %, 28831 MiB, 542.63 W, 1980 MHz
2026/07/17 20:07:06.405, 89 %, 56 %, 28831 MiB, 536.01 W, 1980 MHz
2026/07/17 20:07:11.406, 80 %, 49 %, 28831 MiB, 539.90 W, 1980 MHz
2026/07/17 20:07:16.406, 86 %, 54 %, 28831 MiB, 538.43 W, 1980 MHz
2026/07/17 20:07:21.407, 94 %, 59 %, 28831 MiB, 542.70 W, 1980 MHz
2026/07/17 20:07:26.407, 81 %, 50 %, 28831 MiB, 531.69 W, 1980 MHz
2026/07/17 20:07:31.408, 92 %, 58 %, 28831 MiB, 547.39 W, 1980 MHz
2026/07/17 20:07:36.409, 87 %, 55 %, 28831 MiB, 535.27 W, 1980 MHz
2026/07/17 20:07:41.409, 80 %, 50 %, 28831 MiB, 542.92 W, 1980 MHz
2026/07/17 20:07:46.410, 80 %, 49 %, 28831 MiB, 538.64 W, 1980 MHz
2026/07/17 20:07:51.411, 85 %, 54 %, 28831 MiB, 539.78 W, 1980 MHz
2026/07/17 20:07:56.411, 89 %, 56 %, 28831 MiB, 546.92 W, 1980 MHz
2026/07/17 20:08:01.412, 92 %, 57 %, 28831 MiB, 552.14 W, 1980 MHz
2026/07/17 20:08:06.413, 88 %, 54 %, 28831 MiB, 551.48 W, 1980 MHz
2026/07/17 20:08:11.413, 89 %, 55 %, 28831 MiB, 549.23 W, 1980 MHz
2026/07/17 20:08:16.414, 90 %, 55 %, 28831 MiB, 548.06 W, 1980 MHz
2026/07/17 20:08:21.415, 91 %, 56 %, 28831 MiB, 551.37 W, 1980 MHz
2026/07/17 20:08:26.415, 88 %, 54 %, 28831 MiB, 544.86 W, 1980 MHz
2026/07/17 20:08:31.416, 91 %, 57 %, 28831 MiB, 545.10 W, 1980 MHz
2026/07/17 20:08:36.416, 89 %, 55 %, 28831 MiB, 560.50 W, 1980 MHz
2026/07/17 20:08:41.417, 84 %, 52 %, 28831 MiB, 555.85 W, 1980 MHz
2026/07/17 20:08:46.418, 84 %, 52 %, 28831 MiB, 546.06 W, 1980 MHz
2026/07/17 20:08:51.418, 94 %, 59 %, 28831 MiB, 544.97 W, 1980 MHz
2026/07/17 20:08:56.419, 95 %, 59 %, 28831 MiB, 553.52 W, 1980 MHz
2026/07/17 20:09:01.419, 89 %, 56 %, 28831 MiB, 541.95 W, 1980 MHz
2026/07/17 20:09:06.420, 86 %, 54 %, 28831 MiB, 545.42 W, 1980 MHz
2026/07/17 20:09:11.421, 90 %, 55 %, 28831 MiB, 557.04 W, 1980 MHz
2026/07/17 20:09:16.421, 91 %, 56 %, 28831 MiB, 557.42 W, 1980 MHz
2026/07/17 20:09:21.422, 83 %, 51 %, 28831 MiB, 548.45 W, 1980 MHz
2026/07/17 20:09:26.423, 90 %, 56 %, 28831 MiB, 545.50 W, 1980 MHz
2026/07/17 20:09:31.423, 86 %, 53 %, 28831 MiB, 552.61 W, 1980 MHz
2026/07/17 20:09:36.424, 95 %, 59 %, 28831 MiB, 545.22 W, 1980 MHz
2026/07/17 20:09:41.424, 84 %, 52 %, 28831 MiB, 545.85 W, 1980 MHz
2026/07/17 20:09:46.425, 88 %, 55 %, 28831 MiB, 548.99 W, 1980 MHz
2026/07/17 20:09:51.426, 95 %, 59 %, 28831 MiB, 546.65 W, 1980 MHz
2026/07/17 20:09:56.426, 95 %, 60 %, 28831 MiB, 545.08 W, 1980 MHz
2026/07/17 20:10:01.427, 95 %, 60 %, 28831 MiB, 558.47 W, 1980 MHz
2026/07/17 20:10:06.427, 94 %, 59 %, 28831 MiB, 549.69 W, 1980 MHz
2026/07/17 20:10:11.428, 91 %, 56 %, 28831 MiB, 531.52 W, 1980 MHz
2026/07/17 20:10:16.428, 89 %, 55 %, 28831 MiB, 560.34 W, 1980 MHz
2026/07/17 20:10:21.429, 90 %, 56 %, 28831 MiB, 553.18 W, 1980 MHz
2026/07/17 20:10:26.430, 73 %, 45 %, 28831 MiB, 541.77 W, 1980 MHz
2026/07/17 20:10:31.430, 89 %, 53 %, 28831 MiB, 538.04 W, 1980 MHz
2026/07/17 20:10:36.431, 0 %, 0 %, 0 MiB, 133.40 W, 720 MHz
2026/07/17 20:10:41.431, 0 %, 0 %, 0 MiB, 75.00 W, 345 MHz
2026/07/17 20:10:46.432, 0 %, 0 %, 0 MiB, 74.21 W, 345 MHz
2026/07/17 20:10:51.432, 0 %, 0 %, 0 MiB, 73.54 W, 345 MHz
2026/07/17 20:10:56.433, 0 %, 0 %, 0 MiB, 72.95 W, 345 MHz
2026/07/17 20:11:01.434, 0 %, 0 %, 0 MiB, 72.54 W, 345 MHz
2026/07/17 20:11:06.434, 0 %, 0 %, 0 MiB, 72.52 W, 345 MHz
